<?xml version='1.0' encoding='utf-8' standalone='yes' ?>
<map>
    <string name="afUninstallToken">exMjysq0T2yJnJFmpc3IPt:APA91bGAiiI4-GP0tOalVTTuZcCiADxG99QgNc7_0sE21GLOkDHnHPlfGCvjeKV8VreFlCGfJg5lJIZ8mjnC-iiV3-U9mlG3nvcHJ_N_u6CDt5JrhLnUdpE</string>
    <long name="prev_session_dur" value="3" />
    <long name="af_rc_max_age" value="86400" />
    <boolean name="ddl_sent" value="true" />
    <string name="sentSuccessfully">true</string>
    <string name="af_remote_config">eyJmZWF0dXJlcyI6e30sInZlciI6ImRlZmF1bHQudjEuMTYzNzE0OTUyOSJ9</string>
    <int name="versionCode" value="571" />
    <boolean name="sentRegisterRequestToAF" value="true" />
    <string name="savedProperties">{&quot;uid&quot;:&quot;1710438687107-98530622241666693&quot;,&quot;waitForCustomerId&quot;:&quot;false&quot;,&quot;logLevel&quot;:&quot;4&quot;,&quot;appid&quot;:&quot;za6ZAm5SkfE7T7C6PTFJo3&quot;,&quot;AppUserId&quot;:&quot;1282825709&quot;}</string>
    <string name="AF_INSTALLATION">1710438687107-98530622241666693</string>
    <long name="exception_number" value="11" />
    <boolean name="afUninstallToken_queued" value="false" />
    <int name="appsFlyerCount" value="10" />
    <long name="af_rc_timestamp" value="1759771380640" />
    <long name="AppsFlyerTimePassedSincePrevLaunch" value="1759771387597" />
    <boolean name="newGPReferrerSent" value="true" />
    <string name="appsFlyerFirstInstall">2024-03-14_175152+0000</string>
    <long name="afUninstallToken_received_time" value="1759771383172" />
    <string name="attributionId">{&quot;install_time&quot;:&quot;2024-03-14 17:51:54.528&quot;,&quot;af_status&quot;:&quot;Organic&quot;,&quot;af_message&quot;:&quot;organic install&quot;,&quot;is_first_launch&quot;:false}</string>
</map>
