<?xml version='1.0' encoding='utf-8' standalone='yes' ?>
<map>
    <set name="UNMASKED_NATIVE_LIST" />
    <string name="CLARITY_USER_ID">2rfzzn</string>
    <boolean name="LEAN_MODE_ACTIVATED" value="false" />
    <set name="MASKED_WEB_ELEMENTS_LIST" />
    <set name="UNMASKED_WEB_ELEMENTS_LIST" />
    <string name="CLARITY_SESSION_ID">109tp1l</string>
    <int name="CLARITY_PAGE_NUM" value="2" />
    <string name="INGEST_URL">https://i.clarity.ms/</string>
    <boolean name="CLARITY_ACTIVATED" value="true" />
    <string name="MASKING_MODE">Relaxed</string>
    <string name="REPORT_URL">https://apps.report.clarity.ms/uaen</string>
    <boolean name="CLARITY_CONFIG_FETCHED" value="true" />
    <set name="MASKED_NATIVE_LIST" />
</map>
