<?xml version='1.0' encoding='utf-8' standalone='yes' ?>
<map>
    <boolean name="measurement_enabled_from_api" value="true" />
    <long name="first_open_time" value="1710438686724" />
    <string name="gmp_app_id">1:102086738647:android:815a864d244bbdb3</string>
    <string name="app_instance_id">433c18f0a20457a94b1cec7c06aeb82a</string>
    <long name="session_id" value="1759771380" />
    <boolean name="app_backgrounded" value="true" />
    <long name="health_monitor:start" value="1759771380352" />
    <boolean name="use_service" value="true" />
    <boolean name="deferred_analytics_collection" value="false" />
    <string name="previous_os_version">13</string>
    <boolean name="measurement_enabled" value="true" />
    <boolean name="has_been_opened" value="true" />
    <boolean name="allow_remote_dynamite" value="true" />
    <long name="last_pause_time" value="1759771393443" />
    <boolean name="start_new_session" value="false" />
</map>
