<?xml version='1.0' encoding='utf-8' standalone='yes' ?>
<map>
    <int name="kitsBitmask" value="439" />
    <string name="PCKGCHKSUM;6.5.1">e99fd59cf51e942228b916ae03f4bcf2</string>
    <string name="PCKGCHKSUM;6.7.1">528178f492d9de3cb6f065b224da62b0</string>
    <boolean name="is_referrer_updated" value="true" />
    <string name="PCKGCHKSUM;PREMIUM">e114f7d9a2bda43aec70373921b92f69</string>
    <string name="anonymousAppDeviceGUID">XZcbd2889a-bac5-41ef-b99d-6472c437702f</string>
    <string name="PCKGCHKSUM;Join @BadShahModz">12a94a586cbf991eb589bc6416f2d465</string>
</map>
