<?xml version='1.0' encoding='utf-8' standalone='yes' ?>
<map>
    <string name="last-used-date">2025-10-06</string>
    <long name="fire-count" value="1" />
    <long name="fire-global" value="1759771380220" />
    <set name="fire-core/20.1.2 fire-fcm/23.0.8 fire-analytics-ktx/21.1.1 kotlin/1.8.22 fire-core-ktx/20.1.2 device-name/RMX3785IN fire-auth/21.0.8 fire-analytics/21.1.1 fire-cfg-ktx/21.1.2 fire-abt/21.0.2 device-model/RE5C6CL1 android-platform/ fire-transport/18.1.6 fire-cls-ktx/18.2.13 android-min-sdk/23 device-brand/realme fire-android/33 android-installer/com.android.vending fire-iid/21.1.0 fire-fcm-ktx/23.0.8 fire-installations/17.0.3 fire-rc/21.1.2 fire-auth-ktx/21.0.8 android-target-sdk/27 fire-cls/18.2.13">
        <string>2025-10-06</string>
    </set>
</map>
