<?xml version='1.0' encoding='utf-8' standalone='yes' ?>
<map>
    <long name="card_last_sync_time" value="1759771380" />
    <int name="appVersion" value="571" />
    <string name="user_session">{&quot;session_id&quot;:&quot;c5e4e4f9-93a4-4766-863a-da7e5daca39d&quot;,&quot;start_time&quot;:&quot;2025-10-06T17:23:00.747Z&quot;,&quot;last_interaction_time&quot;:1759771396218}</string>
    <boolean name="card_show_all_tab" value="true" />
    <long name="last_event_sync_time" value="1759771403576" />
    <long name="inapp_last_sync_time" value="1759771381" />
    <string name="registration_id">exMjysq0T2yJnJFmpc3IPt:APA91bGAiiI4-GP0tOalVTTuZcCiADxG99QgNc7_0sE21GLOkDHnHPlfGCvjeKV8VreFlCGfJg5lJIZ8mjnC-iiV3-U9mlG3nvcHJ_N_u6CDt5JrhLnUdpE</string>
    <set name="sent_activity_list">
        <string>com.hungama.music.ui.main.view.activity.ChooseLanguageActivity</string>
        <string>com.hungama.music.ui.main.view.activity.LoginMainActivity</string>
        <string>com.hungama.music.ui.main.view.activity.MainActivity</string>
        <string>com.hungama.music.ui.main.view.activity.EnterMobileNumberActivity</string>
        <string>com.hungama.music.ui.main.view.activity.MobileOTPVarifyActivity</string>
        <string>com.hungama.music.ui.main.view.activity.SplashActivity</string>
    </set>
    <boolean name="is_device_registered" value="true" />
    <boolean name="pref_installed" value="true" />
    <long name="last_config_sync_time" value="1759771381267" />
    <string name="card_categories">[]</string>
    <long name="inapp_api_sync_delay" value="900" />
    <long name="inapp_html_assets_delete_time" value="1759771380" />
    <boolean name="has_registered_for_verification" value="false" />
    <string name="card_sync_interval">{&quot;app_open&quot;:2700,&quot;app_inbox&quot;:300,&quot;pull_to_refresh&quot;:5,&quot;user_activity&quot;:0}</string>
    <long name="in_app_global_delay" value="3600" />
    <string name="APP_UUID">df2031bd-b6a4-4878-9040-795c257dd1b7</string>
    <string name="user_attribute_unique_id">1282825709</string>
</map>
