{"configs_key":{"gc_added_to_playlist":"{\"is_display\":true,\"event_name\":\"Added to Playlist\",\"popup_type\":\"popup\",\"popup_text\":\"you have earned @coin_amount coins\"}","tv_shows_listing_screen":"{\"display_ad\":true,\"first_ad_position_after_rows\":3,\"repeat_frequency\":4}","nudge_minute_quota_exhausted":"{\"nonft\":{\"button_text_1\":\"macro_payment_buy_nonft_cta\",\"button_text_2\":\"btn_seeall_plan_1\",\"image_url\":\"\",\"plan_id\":\"3\",\"Audio_id\":{\"en\":\"102761398\",\"gu\":\"102761382\",\"hi\":\"102761382\",\"kn\":\"102761382\",\"ml\":\"102761382\",\"mr\":\"102761382\",\"pa\":\"102761382\",\"ta\":\"102761382\",\"te\":\"102761382\",\"bn\":\"102761382\",\"default\":\"102761382\"}},\"ft\":{\"button_text_1\":\"macro_payment_buy_nonft_cta\",\"button_text_2\":\"btn_seeall_plan_1\",\"image_url\":\"\",\"plan_id\":\"3\",\"Audio_id\":{\"en\":\"102761398\",\"gu\":\"102761382\",\"hi\":\"102761382\",\"kn\":\"102761382\",\"ml\":\"102761382\",\"mr\":\"102761382\",\"pa\":\"102761382\",\"ta\":\"102761382\",\"te\":\"102761382\",\"bn\":\"102761382\",\"default\":\"102761382\"}}}","gc_added_to_watchlist":"{\"is_display\":true,\"event_name\":\"Added To WatchList\",\"popup_type\":\"toast\",\"popup_text\":\"You are richer now!, earned @coin_amount for adding to your watchlist\"}","serve_preroll_Ad":"true","gc_app_language_selected":"{\"is_display\":true,\"event_name\":\"app_language_selected\",\"popup_type\":\"toast\",\"popup_text\":\"English is Awesome!, granted @coin_amount coins\"}","enable_minutes_quota":"false","gc_app_launch":"{\"is_display\":true,\"event_name\":\"App Launch\",\"popup_type\":\"toast\",\"popup_text\":\"Welcome Back!, Token of appreciation @coin_amount coins\"}","new_user_cooling_period":"{\"cooling_days\":7}","audio_ad_preference":"{\"first_priority\":\"Google\",\"next_priority\":\"triton\",\"first_serve\":2,\"serving_frequency\":3,\"min_duration\":30}","gc_language_selected":"{\"is_display\":true,\"event_name\":\"Language Selected\",\"popup_type\":\"toast\",\"popup_text\":\"you can be a great DJ!, here is the booking amount - booking @coin_amount coins\"}","drawer_minute_quota_exhausted":"{\"nonft\":{\"button_text_1\":\"macro_payment_buy_nonft_cta\",\"button_text_2\":\"btn_seeall_plan_1\",\"plan_id\":\"3\",\"Audio_id\":{\"en\":\"102761398\",\"gu\":\"102761382\",\"hi\":\"102761382\",\"kn\":\"102761382\",\"ml\":\"102761382\",\"mr\":\"102761382\",\"pa\":\"102761382\",\"ta\":\"102761382\",\"te\":\"102761382\",\"bn\":\"102761382\",\"default\":\"102761382\"}},\"ft\":{\"button_text_1\":\"macro_payment_buy_nonft_cta\",\"button_text_2\":\"btn_seeall_plan_1\",\"plan_id\":\"3\",\"Audio_id\":{\"en\":\"102761398\",\"gu\":\"102761382\",\"hi\":\"102761382\",\"kn\":\"102761382\",\"ml\":\"102761382\",\"mr\":\"102761382\",\"pa\":\"102761382\",\"ta\":\"102761382\",\"te\":\"102761382\",\"bn\":\"102761382\",\"default\":\"102761382\"}}}","homescreen_banner_ads":"{ \"display_ad\":true, \"first_ad_position_after_rows\":3, \"repeat_frequency_after_rows\":4}","splash_ad":"{\"splash_type\":\"new\",\"max_waiting\":5}","movies_listing_screen":"{\"display_ad\":true,\"first_ad_position_after_rows\":3,\"repeat_frequency\":4}","user_login":"[\"google\", \"facebook\", \"email\", \"apple\"]","gc_movies_language_selected":"{\"is_display\":true,\"event_name\":\"movies_language_selected\",\"popup_type\":\"toast\",\"popup_text\":\"Great taste!, you can be a movie critic, @coin_amount coins as your first income\"}","global_limited_minutes_quota":"5","podcast_details_page_native_ad":"{\"display_ad\":true,\"first_ad_position_after_episodes\":3,\"repeat_frequency\":4}","podcast_listing_screen":"{\"display_ad\":true,\"first_ad_position_after_rows\":4,\"repeat_frequency\":5}","music_video_listing_screen":"{\"display_ad\":true,\"first_ad_position_after_rows\":3,\"repeat_frequency\":4}","global_limited_stream_preview_quota":"10","serve_audio_Ad":"true","gc_stream":"{\"is_display\":true,\"event_name\":\"Stream\",\"popup_type\":\"toast\",\"popup_text\":\"you have earned @coin_amount coins\"}","gc_language_changed":"{\"is_display\":true,\"event_name\":\"Language Changed\",\"popup_type\":\"toast\",\"popup_text\":\"Exploring makes you richer!, earned @coin_amount coins\"}","serve_display_Ad":"true","playlist_details_page":"{\"display_ad\":true,\"first_ad_position_after_rows\":4,\"repeat_frequency\":7}","gc_rent_open_rent_page":"{\"is_display\":false,\"event_name\":\"Rent - open Rent Page\",\"popup_type\":\"toast\",\"popup_text\":\"you have earned @coin_amount coins\"}","gc_favourited":"{\"is_display\":true,\"event_name\":\"Favourited\",\"popup_type\":\"toast\",\"popup_text\":\"you have earned @coin_amount coins\"}","Onboarding_Type":"onboarding_user_music","he_api":"{\"url\":\"\"}","onboarding_user_music":"{\"first_screen\":{\"number_of_session\":1,\"screen\":\"music_language\"},\"second_screen\":{\"number_of_session\":4,\"screen\":\"music_artist\"},\"third_screen\":{\"number_of_session\":2,\"screen\":\"video_language\"},\"fourth_screen\":{\"number_of_session\":7,\"screen\":\"video_genre\"}}","radio_listing_screen":"{\"display_ad\":true,\"first_ad_position_after_rows\":3,\"repeat_frequency\":4}","video_player_portrait_native_ad":"{\"display_ad\":true,\"first_ad_position_after_rows\":3,\"repeat_frequency\":4}","nudge_stream_preview":"{\"nonft\":{\"button_text_1\":\"macro_payment_buy_nonft_cta\",\"button_text_2\":\"btn_seeall_plan_1\",\"image_url\":\"https:\/\/storage.googleapis.com\/ddexftp-hungama\/uploads_hungama\/20230630\/Artwork_03_revised04.json\",\"plan_id\":\"3\",\"Audio_id\":{\"en\":\"102761398\",\"gu\":\"102761382\",\"hi\":\"102761382\",\"kn\":\"102761382\",\"ml\":\"102761382\",\"mr\":\"102761382\",\"pa\":\"102761382\",\"ta\":\"102761382\",\"te\":\"102761382\",\"bn\":\"102761382\",\"default\":\"102761382\"}},\"ft\":{\"button_text_1\":\"macro_payment_buy_nonft_cta\",\"button_text_2\":\"btn_seeall_plan_1\",\"image_url\":\"https:\/\/storage.googleapis.com\/ddexftp-hungama\/uploads_hungama\/20230630\/Artwork_03_revised04.json\",\"plan_id\":\"3\",\"Audio_id\":{\"en\":\"102761398\",\"gu\":\"102761382\",\"hi\":\"102761382\",\"kn\":\"102761382\",\"ml\":\"102761382\",\"mr\":\"102761382\",\"pa\":\"102761382\",\"ta\":\"102761382\",\"te\":\"102761382\",\"bn\":\"102761382\",\"default\":\"102761382\"}}}","launch_section_discover":"false","share_user_profile":"false","deeplink_category_list":"{\"music\":[\"hindi\",\"english\",\"kannada\",\"tamil\",\"telugu\",\"marathi\",\"haryanavi\",\"bhojpuri\",\"gujarati\",\"sinhala\",\"malayalam\",\"bangla\",\"asamese\",\"rajasthani\",\"oriya\",\"retro\",\"romance\",\"party\",\"pop\",\"happy 90s\",\"devotional\",\"workout\",\"jazz\",\"rock\",\"chill\",\"2000s\",\"classical\",\"meditation\",\"sufi\",\"ghazal\",\"travel\"],\"videos\":[\"romance\"],\"podcasts\":[\"comedy\",\"sports\",\"spiritual\",\"kids\",\"romance\",\"lifestyle\",\"business\",\"news & views\",\"entertainment\",\"horror\",\"devotional crime\",\"science & technology\",\"education\",\"health\",\"literature\",\"motivational\",\"miscellaneous\"],\"music-videos\":[\"romance\"],\"movies\":[\"hindi\",\"tamil\",\"bhojpuri\",\"bengali\",\"english\",\"telugu\",\"malayalam\",\"odia\",\"punjabi\",\"kannada\",\"marathi\"]}","chart_listing_screen":"{\"display_ad\":true,\"first_ad_position_after_rows\":4,\"repeat_frequency\":5}","on_player_overlay":"{  \"display_ad\":true,  \"min_time_after_player_open_in_sec\":60,  \"disappear_time_in_sec\":15,  \"display_again_cooling_time_in_sec\":10}","gc_login_success":"{\"is_display\":true,\"event_name\":\"Login - Success\",\"popup_type\":\"toast\",\"popup_text\":\"login earned you @coin_amount\"}","onboarding_user_movies":"{\"first_screen\":{\"number_of_session\":1,\"screen\":\"video_language\"},\"second_screen\":{\"number_of_session\":2,\"screen\":\"video_genre\"},\"third_screen\":{\"number_of_session\":3,\"screen\":\"music_language\"},\"fourth_screen\":{\"number_of_session\":4,\"screen\":\"music_artist\"}}"},"fetch_time_key":0,"abt_experiments_key":[],"personalization_metadata_key":{}}