{"configs_key":{"Onboarding_Type":"onboarding_user_music","ad_audio_preference":"{\"first_priority\":\"Google\",\"next_priority\":\"triton\",\"first_serve\":2,\"serving_frequency\":3,\"min_duration\":30}","ad_details_display":"{\"display_ad\":true,\"first_ad_position_after_rows\":\"2\",\"repeat_frequency_after_rows\":\"3\"}","ad_home_display":"{\"display_ad\":true,\"first_ad_position_after_rows\":\"2\",\"repeat_frequency_after_rows\":\"3\"}","ad_music_display":"{  \"display_ad\": true,  \"first_ad_position_after_rows\": \"2\",  \"repeat_frequency_after_rows\": \"3\"}","ad_right_sticky_display":"true","ad_serve_audio":"true","ad_serve_preroll":"true","ad_videos_display":"{\"display_ad\":true,\"first_ad_position_after_rows\":\"2\",\"repeat_frequency_after_rows\":\"3\"}","ads_enabled":"true","allow_background_activity":"600000","audio_ad_preference":"{\"first_priority\":\"Google\",\"next_priority\":\"Google\",\"first_serve\":2,\"serving_frequency\":5,\"min_duration\":30}","audio_download_count":"0","audiobook_details_page_native_ad":"{\"display_ad\":true,\"first_ad_position_after_episodes\":4,\"repeat_frequency\":3}","audiostory_details_page_native_ad":"{\"display_ad\":true,\"first_ad_position_after_episodes\":4,\"repeat_frequency\":3}","chart_listing_screen":"{\"display_ad\":true,\"first_ad_position_after_rows\":4,\"repeat_frequency\":3}","color_theme":"","deeplink_category_list":"{\"music\":[\"hindi\",\"english\",\"kannada\",\"tamil\",\"telugu\",\"marathi\",\"haryanavi\",\"bhojpuri\",\"gujarati\",\"sinhala\",\"malayalam\",\"bangla\",\"asamese\",\"rajasthani\",\"oriya\",\"retro\",\"romance\",\"party\",\"pop\",\"happy 90s\",\"devotional\",\"workout\",\"jazz\",\"rock\",\"chill\",\"2000s\",\"classical\",\"meditation\",\"sufi\",\"ghazal\",\"travel\",\"worldmusicday2023\"],\"videos\":[\"romance\"],\"podcasts\":[\"comedy\",\"sports\",\"spiritual\",\"kids\",\"romance\",\"lifestyle\",\"business\",\"news & views\",\"entertainment\",\"horror\",\"devotional crime\",\"science & technology\",\"education\",\"health\",\"literature\",\"motivational\",\"miscellaneous\"],\"music-videos\":[\"romance\"],\"movies\":[\"hindi\",\"tamil\",\"bhojpuri\",\"bengali\",\"english\",\"telugu\",\"malayalam\",\"odia\",\"punjabi\",\"kannada\",\"marathi\"]}","drawer_default_buy_hungama_gold":"{\"enable_juspay_sdk\":true,\"nonft\":{\"button_text_1\":\"macro_payment_buy_nonft_cta\",\"button_text_2\":\"btn_seeall_plan_1\",\"plan_id\":\"10\"},\"ft\":{\"button_text_1\":\"macro_payment_buy_nonft_cta\",\"button_text_2\":\"btn_seeall_plan_1\",\"plan_id\":\"10\"}}","drawer_download_all":"{\"enable_juspay_sdk\":true,\"nonft\":{\"button_text_1\":\"macro_payment_buy_nonft_cta\",\"button_text_2\":\"btn_seeall_plan_1\",\"plan_id\":\"10\"},\"ft\":{\"button_text_1\":\"macro_payment_buy_nonft_cta\",\"button_text_2\":\"btn_seeall_plan_1\",\"plan_id\":\"10\"}}","drawer_download_mymusic":"{\"enable_juspay_sdk\":true,\"nonft\":{\"button_text_1\":\"macro_payment_buy_nonft_cta\",\"button_text_2\":\"btn_seeall_plan_1\",\"plan_id\":\"10\"},\"ft\":{\"button_text_1\":\"macro_payment_buy_nonft_cta\",\"button_text_2\":\"btn_seeall_plan_1\",\"plan_id\":\"10\"}}","drawer_downloads_exhausted":"{\"enable_juspay_sdk\":true,\"nonft\":{\"button_text_1\":\"macro_payment_buy_nonft_cta\",\"button_text_2\":\"btn_seeall_plan_1\",\"plan_id\":\"10\"},\"ft\":{\"button_text_1\":\"macro_payment_buy_nonft_cta\",\"button_text_2\":\"btn_seeall_plan_1\",\"plan_id\":\"10\"}}","drawer_genric1_subscription":"{\"enable_juspay_sdk\":true,\"nonft\":{\"button_text_1\":\"macro_payment_buy_nonft_cta\",\"button_text_2\":\"btn_seeall_plan_1\",\"plan_id\":\"10\"},\"ft\":{\"button_text_1\":\"macro_payment_buy_nonft_cta\",\"button_text_2\":\"btn_seeall_plan_1\",\"plan_id\":\"10\"}}","drawer_minute_quota_exhausted":"{\"nonft\":{\"button_text_1\":\"macro_payment_buy_nonft_cta\",\"button_text_2\":\"btn_seeall_plan_1\",\"plan_id\":\"10\",\"Audio_id\":{\"en\":\"102761398\",\"gu\":\"102761398\",\"hi\":\"102761398\",\"kn\":\"102761381\",\"ml\":\"102761381\",\"mr\":\"102761398\",\"pa\":\"102761398\",\"ta\":\"102761381\",\"te\":\"102761381\",\"bn\":\"102761398\",\"default\":\"102761398\"}},\"ft\":{\"button_text_1\":\"macro_payment_buy_nonft_cta\",\"button_text_2\":\"btn_seeall_plan_1\",\"plan_id\":\"10\",\"Audio_id\":{\"en\":\"102761398\",\"gu\":\"102761398\",\"hi\":\"102761398\",\"kn\":\"102761381\",\"ml\":\"102761381\",\"mr\":\"102761398\",\"pa\":\"102761398\",\"ta\":\"102761381\",\"te\":\"102761381\",\"bn\":\"102761398\",\"default\":\"102761398\"}}}","drawer_remove_ads":"{\"enable_juspay_sdk\":true,\"nonft\":{\"button_text_1\":\"macro_payment_buy_nonft_cta\",\"button_text_2\":\"btn_seeall_plan_1\",\"plan_id\":\"10\"},\"ft\":{\"button_text_1\":\"macro_payment_buy_nonft_cta\",\"button_text_2\":\"btn_seeall_plan_1\",\"plan_id\":\"10\"}}","drawer_restricted_download":"{\"enable_juspay_sdk\":true,\"nonft\":{\"button_text_1\":\"macro_payment_buy_nonft_cta\",\"button_text_2\":\"btn_seeall_plan_1\",\"plan_id\":\"10\"},\"ft\":{\"button_text_1\":\"macro_payment_buy_nonft_cta\",\"button_text_2\":\"btn_seeall_plan_1\",\"plan_id\":\"10\"}}","drawer_streaming_audiobook":"{\"enable_drawer\":\"false\",\"enable_juspay_sdk\":\"true\",\"nonft\":{\"button_text_1\":\"macro_payment_buy_nonft_cta\",\"button_text_2\":\"btn_seeall_plan_1\",\"plan_id\":\"10\"},\"ft\":{\"button_text_1\":\"macro_payment_buy_nonft_cta\",\"button_text_2\":\"btn_seeall_plan_1\",\"plan_id\":\"10\"}}","drawer_streaming_audiostory":"{\"enable_drawer\":\"false\",\"enable_juspay_sdk\":\"true\",\"nonft\":{\"button_text_1\":\"macro_payment_buy_nonft_cta\",\"button_text_2\":\"btn_seeall_plan_1\",\"plan_id\":\"10\"},\"ft\":{\"button_text_1\":\"macro_payment_buy_nonft_cta\",\"button_text_2\":\"btn_seeall_plan_1\",\"plan_id\":\"10\"}}","drawer_streaming_mymix":"{\"enable_juspay_sdk\":true,\"nonft\":{\"button_text_1\":\"macro_payment_buy_nonft_cta\",\"button_text_2\":\"btn_seeall_plan_1\",\"plan_id\":\"10\"},\"ft\":{\"button_text_1\":\"macro_payment_buy_nonft_cta\",\"button_text_2\":\"btn_seeall_plan_1\",\"plan_id\":\"10\"}}","drawer_streaming_podcast":"{\"enable_juspay_sdk\":true,\"nonft\":{\"button_text_1\":\"macro_payment_buy_nonft_cta\",\"button_text_2\":\"btn_seeall_plan_1\",\"plan_id\":\"10\"},\"ft\":{\"button_text_1\":\"macro_payment_buy_nonft_cta\",\"button_text_2\":\"btn_seeall_plan_1\",\"plan_id\":\"10\"}}","drawer_streaming_quality":"{\"enable_juspay_sdk\":true,\"nonft\":{\"button_text_1\":\"macro_payment_buy_nonft_cta\",\"button_text_2\":\"btn_seeall_plan_1\",\"plan_id\":\"10\"},\"ft\":{\"button_text_1\":\"macro_payment_buy_nonft_cta\",\"button_text_2\":\"btn_seeall_plan_1\",\"plan_id\":\"10\"}}","drawer_streaming_sleeptimer":"{\"enable_juspay_sdk\":true,\"nonft\":{\"button_text_1\":\"macro_payment_buy_nonft_cta\",\"button_text_2\":\"btn_seeall_plan_1\",\"plan_id\":\"10\"},\"ft\":{\"button_text_1\":\"macro_payment_buy_nonft_cta\",\"button_text_2\":\"btn_seeall_plan_1\",\"plan_id\":\"10\"}}","drawer_svod_download":"{\"enable_drawer\":\"false\",\"enable_juspay_sdk\":\"true\",\"nonft\":{\"button_text_1\":\"macro_payment_buy_nonft_cta\",\"button_text_2\":\"btn_seeall_plan_1\",\"plan_id\":\"10\"},\"ft\":{\"button_text_1\":\"macro_payment_buy_nonft_cta\",\"button_text_2\":\"btn_seeall_plan_1\",\"plan_id\":\"10\"}}","drawer_svod_purchase":"{\"enable_drawer\":\"false\",\"enable_juspay_sdk\":\"true\",\"nonft\":{\"button_text_1\":\"macro_payment_buy_nonft_cta\",\"button_text_2\":\"btn_seeall_plan_1\",\"plan_id\":\"10\"},\"ft\":{\"button_text_1\":\"macro_payment_buy_nonft_cta\",\"button_text_2\":\"btn_seeall_plan_1\",\"plan_id\":\"10\"}}","drawer_svod_tvshow_episode":"{\"enable_drawer\":\"false\",\"enable_juspay_sdk\":\"true\",\"nonft\":{\"button_text_1\":\"macro_payment_buy_nonft_cta\",\"button_text_2\":\"btn_seeall_plan_1\",\"plan_id\":\"10\"},\"ft\":{\"button_text_1\":\"macro_payment_buy_nonft_cta\",\"button_text_2\":\"btn_seeall_plan_1\",\"plan_id\":\"10\"}}","enable_minutes_quota":"true","enable_payment_drawer":"true","enable_payment_nudge":"true","force_update_control":"{\"enable\":\"false\",\"type\":\"1\"}","gc_added_to_playlist":"{\"is_display\":true,\"event_name\":\"Added to Playlist\",\"popup_type\":\"toast\",\"popup_text\":\"\"}","gc_added_to_watchlist":"{\"is_display\":true,\"event_name\":\"Added To WatchList\",\"popup_type\":\"toast\",\"popup_text\":\"\"}","gc_app_language_selected":"{\"is_display\":true,\"event_name\":\"app_language_selected\",\"popup_type\":\"toast\",\"popup_text\":\"\"}","gc_app_launch":"{\"is_display\":true,\"event_name\":\"App Launch\",\"popup_type\":\"toast\",\"popup_text\":\"\"}","gc_created_playlist":"{\"is_display\":true,\"event_name\":\"Created Playlist\",\"popup_type\":\"toast\",\"popup_text\":\"\"}","gc_favourited":"{\"is_display\":true,\"event_name\":\"Favourited\",\"popup_type\":\"toast\",\"popup_text\":\"\"}","gc_language_changed":"{\"is_display\":true,\"event_name\":\"Language Changed\",\"popup_type\":\"toast\",\"popup_text\":\"\"}","gc_language_selected":"{\"is_display\":true,\"event_name\":\"Language Selected\",\"popup_type\":\"toast\",\"popup_text\":\"\"}","gc_login_success":"{\"is_display\":true,\"event_name\":\"Login - Success\",\"popup_type\":\"toast\",\"popup_text\":\"\"}","gc_movies_language_selected":"{\"is_display\":true,\"event_name\":\"movies_language_selected\",\"popup_type\":\"toast\",\"popup_text\":\"\"}","gc_registration_success":"{\"is_display\":true,\"event_name\":\"Registration - Success\",\"popup_type\":\"toast\",\"popup_text\":\"\"}","gc_rent_open_rent_page":"{\"is_display\":false,\"event_name\":\"Rent - open Rent Page\",\"popup_type\":\"toast\",\"popup_text\":\"\"}","gc_share_text":"Your friend has won @coin_amount while using the Hungama OTT App! You can earn rewards and get exclusive merchandise just by streaming TV shows, movies, audio stories, or podcasts.","gc_stream":"{\"is_display\":true,\"event_name\":\"Stream\",\"popup_type\":\"toast\",\"popup_text\":\"\"}","global_limited_minutes_quota":"30","global_limited_stream_preview_quota":"30","he_api":"{\"url\":\"\"}","hero_section_control":"{ \"auto_scroll\" : \"true\", \"auto_scroll_time\" : \"3.5\" }","homescreen_banner_ads":"{\"display_ad\":true,\"first_ad_position_after_rows\":\"4\",\"repeat_frequency_after_rows\":\"3\"}","juspay_checkout_microdrama":"true","juspay_plan_tags_config":"{\"plan_id\":{\"1\":{\"tag\":\"Best Value\",\"format\":\"text\",\"values\":{\"hi\":\"सर्वोत्तम मूल्य\",\"mr\":\"सर्वोत्तम मूल्य\",\"ta\":\"சிறந்த மதிப்பு\",\"te\":\"ఉత్తమ విలువ\",\"ml\":\"മികച്ച മൂല്യം\",\"or\":\"ସେଷ ମୂଲ୍ୟ\",\"pa\":\"ਸਰਵੋਤਮ ਮੁੱਲ\",\"bn\":\"সেরা মূল্য\",\"gu\":\"શ્રેષ્ઠ મૂલ્ય\",\"kn\":\"ಉತ್ತಮ ಮೌಲ್ಯ\",\"en\":\"Best Value\"}},\"2\":{\"tag\":\"Most Popular\",\"format\":\"image\",\"values\":{\"hi\":\"https:\/\/images1.hungama.com\/tags\/most-popular-hi.png\",\"mr\":\"https:\/\/images1.hungama.com\/tags\/most-popular-mr.png\",\"ta\":\"https:\/\/images1.hungama.com\/tags\/most-popular-ta.png\",\"te\":\"https:\/\/images1.hungama.com\/tags\/most-popular-te.png\",\"ml\":\"https:\/\/images1.hungama.com\/tags\/most-popular-ml.png\",\"or\":\"https:\/\/images1.hungama.com\/tags\/most-popular-or.png\",\"pa\":\"https:\/\/images1.hungama.com\/tags\/most-popular-pa.png\",\"bn\":\"https:\/\/images1.hungama.com\/tags\/most-popular-bn.png\",\"gu\":\"https:\/\/images1.hungama.com\/tags\/most-popular-gu.png\",\"kn\":\"https:\/\/images1.hungama.com\/tags\/most-popular-kn.png\",\"en\":\"https:\/\/images1.hungama.com\/tags\/most-popular.png\"}},\"3\":{\"tag\":\"\",\"format\":\"\",\"values\":{\"hi\":\"\",\"mr\":\"\",\"ta\":\"\",\"te\":\"\",\"ml\":\"\",\"or\":\"\",\"pa\":\"\",\"bn\":\"\",\"gu\":\"\",\"kn\":\"\",\"en\":\"\"}},\"4\":{\"tag\":\"Recommended\",\"format\":\"gif\",\"values\":{\"hi\":\"https:\/\/images1.hungama.com\/tags\/recommended-hi.gif\",\"mr\":\"https:\/\/images1.hungama.com\/tags\/recommended-mr.gif\",\"ta\":\"https:\/\/images1.hungama.com\/tags\/recommended-ta.gif\",\"te\":\"https:\/\/images1.hungama.com\/tags\/recommended-te.gif\",\"ml\":\"https:\/\/images1.hungama.com\/tags\/recommended-ml.gif\",\"or\":\"https:\/\/images1.hungama.com\/tags\/recommended-or.gif\",\"pa\":\"https:\/\/images1.hungama.com\/tags\/recommended-pa.gif\",\"bn\":\"https:\/\/images1.hungama.com\/tags\/recommended-bn.gif\",\"gu\":\"https:\/\/images1.hungama.com\/tags\/recommended-gu.gif\",\"kn\":\"https:\/\/images1.hungama.com\/tags\/recommended-kn.gif\",\"en\":\"https:\/\/images1.hungama.com\/tags\/recommended.gif\"}}}}","juspay_sdk_enabled":"false","launch_section_discover":"false","mi_deeplink_sessions":"{\"deep_link_url\":\"https:\/\/hungama.com\/games\/\",\"till_session\":5}","mini_player_display":"true","movies_listing_screen":"{\"display_ad\":true,\"first_ad_position_after_rows\":4,\"repeat_frequency\":3}","music_streaming_enabled":"false","music_sunset_web_popup":"false","music_video_listing_screen":"{\"display_ad\":true,\"first_ad_position_after_rows\":4,\"repeat_frequency\":3}","new_user_cooling_period":"{\"cooling_days\":0}","notification_popup_delay":"420000","npay_discount_fomo_content":"{\n  \"primary_text\": \"Join now & enjoy all your favorites at half the price.\",\n  \"offer_text\": \"Get 50% OFF!\",\n  \"cta_text\": \"Join Now\"\n}","npay_discount_fomo_invoke_url":"{\"callback_url\":\"https:\/\/chpayments.hungama.com\/payment?plan_id=70&couponcode=&auth=558ac4e10000126308b0e482333b8e85&utm_source=web_home&utm_medium=&identity=1163409358&product_id=1&country=IN&lang=en&website=true&app=hungama&platform_id=1&plan_type=subscription&plan_details_id=1170&aff_code=&extra_data=&callback_url=aHR0cHM6Ly91bi5odW5nYW1hLmNvbS8=&upgradable=0&sdk=true\"}","npay_discount_fomo_nudge":"true","nudge_album_banner":"{\"nonft\":{\"image_url\":\"https:\/\/images1.hungama.com\/gold_button.png?updatedAt=1733837894900\",\"plan_id\":\"\"},\"ft\":{\"image_url\":\"https:\/\/images1.hungama.com\/gold_button.png?updatedAt=1733837894900\",\"plan_id\":\"\"}}","nudge_home_header_banner":"{\"enable_juspay_sdk\":\"true\",\"nonft\":{\"image_url\":\"https:\/\/images1.hungama.com\/subscribe_patch.png?updatedAt=1739777124616\",\"plan_id\":\"\"},\"ft\":{\"image_url\":\"https:\/\/images1.hungama.com\/subscribe_patch.png?updatedAt=1739777124616\",\"plan_id\":\"\"}}","nudge_minute_quota_exhausted":"{\"nonft\":{\"button_text_1\":\"macro_payment_buy_nonft_cta\",\"button_text_2\":\"btn_seeall_plan_1\",\"image_url\":\"\",\"plan_id\":\"10\",\"Audio_id\":{\"en\":\"102761398\",\"gu\":\"102761398\",\"hi\":\"102761398\",\"kn\":\"102761381\",\"ml\":\"102761381\",\"mr\":\"102761398\",\"pa\":\"102761398\",\"ta\":\"102761381\",\"te\":\"102761381\",\"bn\":\"102761398\",\"default\":\"102761398\"}},\"ft\":{\"button_text_1\":\"macro_payment_buy_nonft_cta\",\"button_text_2\":\"btn_seeall_plan_1\",\"image_url\":\"\",\"plan_id\":\"10\",\"Audio_id\":{\"en\":\"102761398\",\"gu\":\"102761398\",\"hi\":\"102761398\",\"kn\":\"102761381\",\"ml\":\"102761381\",\"mr\":\"102761398\",\"pa\":\"102761398\",\"ta\":\"102761381\",\"te\":\"102761381\",\"bn\":\"102761398\",\"default\":\"102761398\"}}}","nudge_music_video_banner":"{\"enable_juspay_sdk\":\"true\",\"nonft\":{\"image_url\":\"https:\/\/images1.hungama.com\/gold_button.png?updatedAt=1733837894900\",\"plan_id\":\"\"},\"ft\":{\"image_url\":\"https:\/\/images1.hungama.com\/gold_button.png?updatedAt=1733837894900\",\"plan_id\":\"\"}}","nudge_player_banner":"{\"enable_juspay_sdk\":\"true\",\"nonft\":{\"image_url\":\"https:\/\/images1.hungama.com\/nudge.png?updatedAt=1741699430867\",\"plan_id\":\"\"},\"ft\":{\"image_url\":\"https:\/\/images1.hungama.com\/nudge.png?updatedAt=1741699430867\",\"plan_id\":\"\"}}","nudge_playlist_banner":"{\"enable_juspay_sdk\":\"true\",\"nonft\":{\"image_url\":\"https:\/\/images1.hungama.com\/gold_button.png?updatedAt=1733837894900\",\"plan_id\":\"\"},\"ft\":{\"image_url\":\"https:\/\/images1.hungama.com\/gold_button.png?updatedAt=1733837894900\",\"plan_id\":\"\"}}","nudge_stream_preview":"{\"nonft\":{\"button_text_1\":\"macro_payment_buy_nonft_cta\",\"button_text_2\":\"btn_seeall_plan_1\",\"image_url\":\"https:\/\/storage.googleapis.com\/ddexftp-hungama\/uploads_hungama\/20230522\/Artwork_03.json\",\"plan_id\":\"10\",\"Audio_id\":{\"en\":\"102761398\",\"gu\":\"102761398\",\"hi\":\"102761398\",\"kn\":\"102761381\",\"ml\":\"102761381\",\"mr\":\"102761398\",\"pa\":\"102761398\",\"ta\":\"102761381\",\"te\":\"102761381\",\"bn\":\"102761398\",\"default\":\"102761398\"}},\"ft\":{\"button_text_1\":\"macro_payment_buy_nonft_cta\",\"button_text_2\":\"btn_seeall_plan_1\",\"image_url\":\"https:\/\/storage.googleapis.com\/ddexftp-hungama\/uploads_hungama\/20230522\/Artwork_03.json\",\"plan_id\":\"10\",\"Audio_id\":{\"en\":\"102761398\",\"gu\":\"102761398\",\"hi\":\"102761398\",\"kn\":\"102761381\",\"ml\":\"102761381\",\"mr\":\"102761398\",\"pa\":\"102761398\",\"ta\":\"102761381\",\"te\":\"102761381\",\"bn\":\"102761398\",\"default\":\"102761398\"}}}","on_player_overlay":"{\"display_ad\":true,\"min_time_after_player_open_in_sec\":30,\"disappear_time_in_sec\":15,\"display_again_cooling_time_in_sec\":10}","onboarding_user_movies":"{\"first_screen\":{\"number_of_session\":4,\"screen\":\"video_language\"},\"second_screen\":{\"number_of_session\":5,\"screen\":\"video_genre\"}}","onboarding_user_music":"{}","otp_retry_time":"120","payment_flow":"{\"cdn_payment_flow\":{\"enabled\":true,\"redirect_pay_link\":\"https:\/\/chpayments.hungama.com\/plan?\"},\"default_payment_flow\":{\"enabled\":false,\"redirect_pay_link\":\"https:\/\/payments.hungama.com\/plan?\"}}","player_default_is_video":"true","playlist_details_page":"{\"display_ad\":true,\"first_ad_position_after_rows\":4,\"repeat_frequency\":3}","podcast_details_page_native_ad":"{\"display_ad\":true,\"first_ad_position_after_episodes\":4,\"repeat_frequency\":3}","podcast_enabled":"false","podcast_listing_screen":"{\"display_ad\":true,\"first_ad_position_after_rows\":4,\"repeat_frequency\":3}","pull_to_refresh_coachmark":"false","radio_listing_screen":"{\"display_ad\":true,\"first_ad_position_after_rows\":4,\"repeat_frequency\":3}","recomendation_source":"inhouse","review_close_app_version_android":"158","review_close_app_version_ios":"160","ribbon_audio_book_free":"true","ribbon_audio_book_gold":"true","ribbon_audio_book_limited":"true","ribbon_audio_stories_free":"true","ribbon_audio_stories_gold":"true","ribbon_audio_stories_limited":"true","ribbon_pdc_free":"true","ribbon_pdc_gold":"true","ribbon_pdc_limited":"true","serve_audio_Ad":"true","serve_display_Ad":"true","serve_preroll_Ad":"true","show_trailer_for_free_user_when_episode_is_free":"true","splash_ad":"{\"splash_type\":\"old\",\"max_waiting\":2}","store_available":"{\"available\":false,\"redirection_url\":\"www.hungama.com\/\"}","tc_onboarding_auto_invoke":"false","truecaller_session_control":"{\"truecaller_auto_invoke\":false,\"session_control\":{\"invoke_on_sessions\":[1,3,5,7,9]}}","tv_activate_player_nudge":"{\"is_enabled\":false,\"subcribed_user_flag\":false,\"trigger_after_seconds\":30,\"cooldown_period_days\":1,\"same_wifi_behavior\":{\"trigger_immediately_on_detection\":false,\"max_app_sessions_to_show\":3},\"promotional_behavior\":{\"enabled\":false,\"max_app_sessions_to_show\":3}}","tv_activate_settings_coachmark":"false","tv_app_user_onboarding":"{\"language\":{\"default\":\"en\",\"allow_user_selection\":true},\"onboarding\":{\"skip_login_for_new_users\":false}}","tv_force_update_control":"{  \"enable\": \"false\",  \"type\": \"1\"}","tv_juspay_plan_tags_config":"{\"plan_id\":{\"1\":{\"tag\":\"Best Value\",\"format\":\"text\",\"values\":{\"hi\":\"सर्वोत्तम मूल्य\",\"mr\":\"सर्वोत्तम मूल्य\",\"ta\":\"சிறந்த மதிப்பு\",\"te\":\"ఉత్తమ విలువ\",\"ml\":\"മികച്ച മൂല്യം\",\"or\":\"ସେଷ ମୂଲ୍ୟ\",\"pa\":\"ਸਰਵੋਤਮ ਮੁੱਲ\",\"bn\":\"সেরা মূল্য\",\"gu\":\"શ્રેષ્ઠ મૂલ્ય\",\"kn\":\"ಉತ್ತಮ ಮೌಲ್ಯ\",\"en\":\"Best Value\"}},\"2\":{\"tag\":\"Most Popular\",\"format\":\"image\",\"values\":{\"hi\":\"https:\/\/images1.hungama.com\/tags\/most-popular-hi.png\",\"mr\":\"https:\/\/images1.hungama.com\/tags\/most-popular-mr.png\",\"ta\":\"https:\/\/images1.hungama.com\/tags\/most-popular-ta.png\",\"te\":\"https:\/\/images1.hungama.com\/tags\/most-popular-te.png\",\"ml\":\"https:\/\/images1.hungama.com\/tags\/most-popular-ml.png\",\"or\":\"https:\/\/images1.hungama.com\/tags\/most-popular-or.png\",\"pa\":\"https:\/\/images1.hungama.com\/tags\/most-popular-pa.png\",\"bn\":\"https:\/\/images1.hungama.com\/tags\/most-popular-bn.png\",\"gu\":\"https:\/\/images1.hungama.com\/tags\/most-popular-gu.png\",\"kn\":\"https:\/\/images1.hungama.com\/tags\/most-popular-kn.png\",\"en\":\"https:\/\/images1.hungama.com\/tags\/most-popular.png\"}},\"3\":{\"tag\":\"\",\"format\":\"\",\"values\":{\"hi\":\"\",\"mr\":\"\",\"ta\":\"\",\"te\":\"\",\"ml\":\"\",\"or\":\"\",\"pa\":\"\",\"bn\":\"\",\"gu\":\"\",\"kn\":\"\",\"en\":\"\"}},\"4\":{\"tag\":\"Recommended\",\"format\":\"gif\",\"values\":{\"hi\":\"https:\/\/images1.hungama.com\/tags\/recommended-hi.gif\",\"mr\":\"https:\/\/images1.hungama.com\/tags\/recommended-mr.gif\",\"ta\":\"https:\/\/images1.hungama.com\/tags\/recommended-ta.gif\",\"te\":\"https:\/\/images1.hungama.com\/tags\/recommended-te.gif\",\"ml\":\"https:\/\/images1.hungama.com\/tags\/recommended-ml.gif\",\"or\":\"https:\/\/images1.hungama.com\/tags\/recommended-or.gif\",\"pa\":\"https:\/\/images1.hungama.com\/tags\/recommended-pa.gif\",\"bn\":\"https:\/\/images1.hungama.com\/tags\/recommended-bn.gif\",\"gu\":\"https:\/\/images1.hungama.com\/tags\/recommended-gu.gif\",\"kn\":\"https:\/\/images1.hungama.com\/tags\/recommended-kn.gif\",\"en\":\"https:\/\/images1.hungama.com\/tags\/recommended.gif\"}}}}","tv_juspay_sdk_enabled":"true","tv_promo_nudge":"{\"is_enabled\":false,\"promo_image\":\"https:\/\/images1.hungama.com\/tv_promo_drawer.png?updatedAt=1744107832278\",\"subcribed_user_flag\":false,\"same_wifi_behavior\":{\"cooldown_period_days\":1,\"frequency_per_session\":2,\"primary_cta_txt\":{\"hi\":\"टीवी पर देखें\",\"mr\":\"टीव्हीवर पहा\",\"ta\":\"டிவியில் பாருங்கள்\",\"te\":\"టీవీలో చూడండి\",\"ml\":\"ടിവിയിൽ കാണുക\",\"or\":\"ଟିଭିରେ ଦେଖନ୍ତୁ\",\"pa\":\"ਟੀਵੀ 'ਤੇ ਵੇਖੋ\",\"bn\":\"টিভিতে দেখুন\",\"gu\":\"ટિવી પર જુઓ\",\"kn\":\"ಟಿವಿಯಲ್ಲಿ ನೋಡಿ\",\"en\":\"Watch on TV\"},\"secondary_cta_enabled\":true,\"secondary_cta_txt\":{\"hi\":\"यह कैसे काम करता है?\",\"mr\":\"हे कसे कार्य करते?\",\"ta\":\"இது எப்படி வேலை செய்கிறது?\",\"te\":\"ఇది ఎలా పని చేస్తుంది?\",\"ml\":\"ഇത് എങ്ങനെ പ്രവർത്തിക്കുന്നു?\",\"or\":\"ଏହା କିପରି କାମ କରେ?\",\"pa\":\"ਇਹ ਕਿਵੇਂ ਕੰਮ ਕਰਦਾ ਹੈ?\",\"bn\":\"এটি কীভাবে কাজ করে?\",\"gu\":\"આ કેમ કાર્ય કરે છે?\",\"kn\":\"ಇದು ಹೇಗೆ ಕಾರ್ಯನಿರ್ವಹಿಸುತ್ತದೆ?\",\"en\":\"How this works?\"}},\"promotional_behavior\":{\"enabled\":false,\"cooldown_period_days\":1,\"frequency_per_session\":1,\"primary_cta_txt\":{\"hi\":\"टीवी पर देखें\",\"mr\":\"टीव्हीवर पहा\",\"ta\":\"டிவியில் பாருங்கள்\",\"te\":\"టీవీలో చూడండి\",\"ml\":\"ടിവിയിൽ കാണുക\",\"or\":\"ଟିଭିରେ ଦେଖନ୍ତୁ\",\"pa\":\"ਟੀਵੀ 'ਤੇ ਵੇਖੋ\",\"bn\":\"টিভিতে দেখুন\",\"gu\":\"ટિવી પર જુઓ\",\"kn\":\"ಟಿವಿಯಲ್ಲಿ ನೋಡಿ\",\"en\":\"Watch on TV\"},\"secondary_cta_enabled\":true,\"secondary_cta_txt\":{\"hi\":\"कैसे जानें?\",\"mr\":\"कसे ते जाणून घ्या?\",\"ta\":\"எப்படிச் செல்லலாம்?\",\"te\":\"ఎలా తెలుసుకోవాలి?\",\"ml\":\"എങ്ങനെ അറിയാം?\",\"or\":\"କିପରି ଜାଣିବେ?\",\"pa\":\"ਕਿਵੇਂ ਜਾਣਣਾ ਹੈ?\",\"bn\":\"কিভাবে জানবেন?\",\"gu\":\"કેવી રીતે જાણવું?\",\"kn\":\"ಹೆಗ್ಗಳಿಕೆಯನ್ನು ಹೇಗೆ ತಿಳಿದುಕೊಳ್ಳುವುದು?\",\"en\":\"Know how?\"}}}","tv_shows_listing_screen":"{\"display_ad\":true,\"first_ad_position_after_rows\":4,\"repeat_frequency\":3}","un_menu_bottom_nav_sequence":"home,audio,player,video,library","un_menu_bottom_nav_sequence_preselect":"0","un_musicvideo_click_action":"0","un_onboarding_login_needed":"false","un_onboarding_login_sequence":"facebook,google,apple,truecaller","use_es_search_api":"false","use_recommendation_by_alibaba":"false","use_recommendation_by_netcore":"false","use_search_powered_by_es":"false","user_login":"[\"google\", \"facebook\", \"email\", \"apple\"]","video_player_portrait_native_ad":"{\"display_ad\":true,\"first_ad_position_after_rows\":4,\"repeat_frequency\":3}","video_prompt":"{\"video_id\":\"106450960\"}"},"fetch_time_key":1759771381701,"abt_experiments_key":[],"personalization_metadata_key":{}}