{"Fid":"exMjysq0T2yJnJFmpc3IPt","Status":3,"AuthToken":"eyJhbGciOiJFUzI1NiIsInR5cCI6IkpXVCJ9.eyJhcHBJZCI6IjE6MTAyMDg2NzM4NjQ3OmFuZHJvaWQ6ODE1YTg2NGQyNDRiYmRiMyIsImV4cCI6MTc2MDM3NjE4MCwiZmlkIjoiZXhNanlzcTBUMnlKbkpGbXBjM0lQdCIsInByb2plY3ROdW1iZXIiOjEwMjA4NjczODY0N30.AB2LPV8wRgIhAPglinDzzYEfhEft_R9Xe2NN91zaBjVKjSxvmzeA3J2WAiEA_UhEOzPhSUT7TPilltHbk8fdzhwckusXnPe-v1b9SxM","RefreshToken":"3_AS3qfwJ60k0nv0uypqkLYiX1--_mrsObplBGUJONj0cDJWJCPLLn5GX3qpkX-UtHvbqIFThkXJKQ-1qKx4jR7rOw9NqIW6Xbm2cckw1lOCk8saE","TokenCreationEpochInSecs":1759771380,"ExpiresInSecs":604800}